GEOID,new_district
1400000US34001000100,2.0
1400000US34001000200,2.0
1400000US34001000300,2.0
1400000US34001000400,2.0
1400000US34001000500,2.0
1400000US34001001100,2.0
1400000US34001001200,2.0
1400000US34001001300,2.0
1400000US34001001400,2.0
1400000US34001001500,2.0
1400000US34001001900,2.0
1400000US34001002300,2.0
1400000US34001002400,2.0
1400000US34001002500,2.0
1400000US34001010101,2.0
1400000US34001010102,2.0
1400000US34001010104,2.0
1400000US34001010105,2.0
1400000US34001010200,2.0
1400000US34001010300,2.0
1400000US34001010401,2.0
1400000US34001010403,2.0
1400000US34001010501,2.0
1400000US34001010503,2.0
1400000US34001010505,2.0
1400000US34001010506,2.0
1400000US34001010600,2.0
1400000US34001010700,2.0
1400000US34001010800,2.0
1400000US34001010900,2.0
1400000US34001011000,2.0
1400000US34001011100,2.0
1400000US34001011201,2.0
1400000US34001011202,2.0
1400000US34001011300,2.0
1400000US34001011401,2.0
1400000US34001011403,2.0
1400000US34001011404,2.0
1400000US34001011500,2.0
1400000US34001011600,2.0
1400000US34001011702,2.0
1400000US34001011703,2.0
1400000US34001011704,2.0
1400000US34001011803,2.0
1400000US34001011804,2.0
1400000US34001011805,2.0
1400000US34001011806,2.0
1400000US34001011807,2.0
1400000US34001011808,2.0
1400000US34001011901,2.0
1400000US34001011902,2.0
1400000US34001012000,2.0
1400000US34001012100,2.0
1400000US34001012200,2.0
1400000US34001012302,2.0
1400000US34001012401,2.0
1400000US34001012402,2.0
1400000US34001012501,2.0
1400000US34001012502,2.0
1400000US34001012602,2.0
1400000US34001012701,2.0
1400000US34001012702,2.0
1400000US34001012801,2.0
1400000US34001012802,2.0
1400000US34001013000,2.0
1400000US34001013101,2.0
1400000US34001013102,2.0
1400000US34001013201,2.0
1400000US34001013202,2.0
1400000US34001013301,2.0
1400000US34001013302,2.0
1400000US34001013500,2.0
1400000US34001983400,2.0
1400000US34001990000,2.0
1400000US34003001001,5.0
1400000US34003001002,5.0
1400000US34003002100,5.0
1400000US34003002200,5.0
1400000US34003002300,5.0
1400000US34003003100,9.0
1400000US34003003200,9.0
1400000US34003003300,9.0
1400000US34003003401,9.0
1400000US34003003402,9.0
1400000US34003003500,9.0
1400000US34003004001,9.0
1400000US34003004002,9.0
1400000US34003005000,9.0
1400000US34003006101,8.0
1400000US34003006102,8.0
1400000US34003006201,8.0
1400000US34003006202,8.0
1400000US34003006301,8.0
1400000US34003006302,8.0
1400000US34003007001,5.0
1400000US34003007002,5.0
1400000US34003008001,5.0
1400000US34003008002,5.0
1400000US34003009100,5.0
1400000US34003009200,5.0
1400000US34003010100,5.0
1400000US34003010200,5.0
1400000US34003010300,5.0
1400000US34003011100,9.0
1400000US34003011200,9.0
1400000US34003011300,9.0
1400000US34003011400,9.0
1400000US34003012001,10.0
1400000US34003012002,10.0
1400000US34003013002,8.0
1400000US34003013003,8.0
1400000US34003013004,8.0
1400000US34003014000,5.0
1400000US34003015100,9.0
1400000US34003015200,9.0
1400000US34003015300,9.0
1400000US34003015401,9.0
1400000US34003015402,9.0
1400000US34003015500,9.0
1400000US34003016000,9.0
1400000US34003017101,9.0
1400000US34003017102,9.0
1400000US34003017200,9.0
1400000US34003017301,9.0
1400000US34003017302,9.0
1400000US34003017400,9.0
1400000US34003017501,9.0
1400000US34003017502,9.0
1400000US34003018101,8.0
1400000US34003018102,8.0
1400000US34003018200,8.0
1400000US34003019102,8.0
1400000US34003019103,8.0
1400000US34003019104,8.0
1400000US34003019202,8.0
1400000US34003019203,8.0
1400000US34003019204,8.0
1400000US34003019303,8.0
1400000US34003019304,8.0
1400000US34003019305,8.0
1400000US34003019306,8.0
1400000US34003020100,5.0
1400000US34003020200,5.0
1400000US34003021101,9.0
1400000US34003021102,9.0
1400000US34003021200,9.0
1400000US34003021300,9.0
1400000US34003021400,9.0
1400000US34003021500,9.0
1400000US34003021600,9.0
1400000US34003022100,5.0
1400000US34003022200,5.0
1400000US34003023100,9.0
1400000US34003023201,9.0
1400000US34003023202,9.0
1400000US34003023301,9.0
1400000US34003023303,9.0
1400000US34003023304,9.0
1400000US34003023401,9.0
1400000US34003023402,9.0
1400000US34003023501,9.0
1400000US34003023502,9.0
1400000US34003023601,9.0
1400000US34003023602,9.0
1400000US34003024100,5.0
1400000US34003024200,5.0
1400000US34003025100,9.0
1400000US34003025200,9.0
1400000US34003026100,5.0
1400000US34003026200,5.0
1400000US34003027000,5.0
1400000US34003028001,9.0
1400000US34003028002,9.0
1400000US34003029100,9.0
1400000US34003029200,9.0
1400000US34003030100,9.0
1400000US34003030201,9.0
1400000US34003030202,9.0
1400000US34003030300,9.0
1400000US34003030401,9.0
1400000US34003030402,9.0
1400000US34003031100,10.0
1400000US34003031200,10.0
1400000US34003031300,10.0
1400000US34003031400,10.0
1400000US34003032102,5.0
1400000US34003032103,5.0
1400000US34003032104,5.0
1400000US34003032201,5.0
1400000US34003032202,5.0
1400000US34003033100,9.0
1400000US34003033200,9.0
1400000US34003033300,9.0
1400000US34003034001,5.0
1400000US34003034002,5.0
1400000US34003035100,5.0
1400000US34003035200,5.0
1400000US34003036100,9.0
1400000US34003036200,9.0
1400000US34003037100,9.0
1400000US34003037201,9.0
1400000US34003037203,9.0
1400000US34003037204,9.0
1400000US34003038100,10.0
1400000US34003038200,10.0
1400000US34003038300,10.0
1400000US34003039100,5.0
1400000US34003039200,5.0
1400000US34003039300,5.0
1400000US34003040001,5.0
1400000US34003040002,5.0
1400000US34003041100,8.0
1400000US34003041200,8.0
1400000US34003041301,8.0
1400000US34003041302,8.0
1400000US34003042101,9.0
1400000US34003042102,9.0
1400000US34003042301,9.0
1400000US34003042302,9.0
1400000US34003042400,9.0
1400000US34003042500,9.0
1400000US34003043001,5.0
1400000US34003043002,5.0
1400000US34003044100,5.0
1400000US34003044201,5.0
1400000US34003044202,5.0
1400000US34003045101,9.0
1400000US34003045102,9.0
1400000US34003045200,9.0
1400000US34003046100,9.0
1400000US34003046200,9.0
1400000US34003046300,9.0
1400000US34003047100,5.0
1400000US34003047200,5.0
1400000US34003047300,5.0
1400000US34003047400,5.0
1400000US34003047500,5.0
1400000US34003048100,9.0
1400000US34003048200,9.0
1400000US34003049001,5.0
1400000US34003049002,5.0
1400000US34003050000,9.0
1400000US34003051100,10.0
1400000US34003051200,10.0
1400000US34003051300,10.0
1400000US34003051400,10.0
1400000US34003052100,9.0
1400000US34003052200,9.0
1400000US34003053100,5.0
1400000US34003053201,5.0
1400000US34003053202,5.0
1400000US34003054101,9.0
1400000US34003054102,9.0
1400000US34003054200,9.0
1400000US34003054300,9.0
1400000US34003054400,9.0
1400000US34003054500,9.0
1400000US34003054601,9.0
1400000US34003054602,9.0
1400000US34003055100,5.0
1400000US34003055201,5.0
1400000US34003055202,5.0
1400000US34003056100,5.0
1400000US34003056200,5.0
1400000US34003057101,9.0
1400000US34003057102,9.0
1400000US34003057200,9.0
1400000US34003058100,5.0
1400000US34003058200,5.0
1400000US34003059100,5.0
1400000US34003059200,5.0
1400000US34003060001,9.0
1400000US34003060002,9.0
1400000US34003061100,5.0
1400000US34003061200,5.0
1400000US34003061300,5.0
1400000US34003061400,5.0
1400000US34005700102,1.0
1400000US34005700103,1.0
1400000US34005700104,1.0
1400000US34005700200,1.0
1400000US34005700303,1.0
1400000US34005700304,1.0
1400000US34005700305,1.0
1400000US34005700306,1.0
1400000US34005700307,1.0
1400000US34005700401,1.0
1400000US34005700402,1.0
1400000US34005700403,1.0
1400000US34005700405,1.0
1400000US34005700407,1.0
1400000US34005700408,1.0
1400000US34005700501,1.0
1400000US34005700502,1.0
1400000US34005700503,1.0
1400000US34005700504,1.0
1400000US34005700505,3.0
1400000US34005700602,3.0
1400000US34005700603,3.0
1400000US34005700605,3.0
1400000US34005700701,3.0
1400000US34005700702,3.0
1400000US34005700703,3.0
1400000US34005700800,3.0
1400000US34005700900,3.0
1400000US34005701001,3.0
1400000US34005701002,3.0
1400000US34005701102,3.0
1400000US34005701103,3.0
1400000US34005701104,3.0
1400000US34005701105,3.0
1400000US34005701201,3.0
1400000US34005701203,3.0
1400000US34005701204,3.0
1400000US34005701205,3.0
1400000US34005701301,3.0
1400000US34005701302,3.0
1400000US34005701303,3.0
1400000US34005701401,3.0
1400000US34005701402,3.0
1400000US34005701502,3.0
1400000US34005701700,3.0
1400000US34005702101,3.0
1400000US34005702203,3.0
1400000US34005702204,3.0
1400000US34005702206,3.0
1400000US34005702207,3.0
1400000US34005702208,3.0
1400000US34005702209,3.0
1400000US34005702210,3.0
1400000US34005702300,3.0
1400000US34005702400,3.0
1400000US34005702500,3.0
1400000US34005702601,3.0
1400000US34005702603,3.0
1400000US34005702701,3.0
1400000US34005702702,3.0
1400000US34005702801,3.0
1400000US34005702802,3.0
1400000US34005702803,3.0
1400000US34005702804,3.0
1400000US34005702805,3.0
1400000US34005702806,3.0
1400000US34005702807,3.0
1400000US34005702808,3.0
1400000US34005702809,3.0
1400000US34005702810,3.0
1400000US34005702811,3.0
1400000US34005702905,1.0
1400000US34005702906,1.0
1400000US34005702907,1.0
1400000US34005702908,1.0
1400000US34005702909,1.0
1400000US34005702910,3.0
1400000US34005702913,3.0
1400000US34005702914,3.0
1400000US34005702915,3.0
1400000US34005702917,3.0
1400000US34005702918,3.0
1400000US34005703000,3.0
1400000US34005703102,3.0
1400000US34005703103,3.0
1400000US34005703104,3.0
1400000US34005703201,3.0
1400000US34005703202,3.0
1400000US34005703203,3.0
1400000US34005703600,2.0
1400000US34005703700,2.0
1400000US34005703801,3.0
1400000US34005703802,3.0
1400000US34005703803,3.0
1400000US34005703804,3.0
1400000US34005703900,3.0
1400000US34005704004,1.0
1400000US34005704005,1.0
1400000US34005704006,1.0
1400000US34005704007,1.0
1400000US34005704008,1.0
1400000US34005704009,3.0
1400000US34005704011,1.0
1400000US34005704012,3.0
1400000US34005704013,1.0
1400000US34005704015,3.0
1400000US34005704016,1.0
1400000US34005704201,3.0
1400000US34005704202,3.0
1400000US34005704302,3.0
1400000US34005704500,3.0
1400000US34005704600,3.0
1400000US34005704700,2.0
1400000US34005704801,3.0
1400000US34005981802,3.0
1400000US34005982111,3.0
1400000US34005982200,3.0
1400000US34007600200,1.0
1400000US34007600400,1.0
1400000US34007600700,1.0
1400000US34007600800,1.0
1400000US34007600900,1.0
1400000US34007601000,1.0
1400000US34007601101,1.0
1400000US34007601102,1.0
1400000US34007601200,1.0
1400000US34007601300,1.0
1400000US34007601400,1.0
1400000US34007601500,1.0
1400000US34007601600,1.0
1400000US34007601700,1.0
1400000US34007601800,1.0
1400000US34007601900,1.0
1400000US34007602000,1.0
1400000US34007602503,1.0
1400000US34007602601,1.0
1400000US34007602602,1.0
1400000US34007602901,1.0
1400000US34007602902,1.0
1400000US34007603001,1.0
1400000US34007603002,1.0
1400000US34007603100,1.0
1400000US34007603201,1.0
1400000US34007603202,1.0
1400000US34007603301,1.0
1400000US34007603302,1.0
1400000US34007603303,1.0
1400000US34007603400,1.0
1400000US34007603501,1.0
1400000US34007603503,1.0
1400000US34007603504,1.0
1400000US34007603505,1.0
1400000US34007603506,1.0
1400000US34007603507,1.0
1400000US34007603601,1.0
1400000US34007603602,1.0
1400000US34007603603,1.0
1400000US34007603700,1.0
1400000US34007603800,1.0
1400000US34007603901,1.0
1400000US34007603902,1.0
1400000US34007604100,1.0
1400000US34007604200,1.0
1400000US34007604300,1.0
1400000US34007604400,1.0
1400000US34007604600,1.0
1400000US34007604700,1.0
1400000US34007605100,1.0
1400000US34007605200,1.0
1400000US34007605300,1.0
1400000US34007605400,1.0
1400000US34007605602,1.0
1400000US34007605700,1.0
1400000US34007605800,1.0
1400000US34007605900,1.0
1400000US34007606000,1.0
1400000US34007606100,1.0
1400000US34007606200,1.0
1400000US34007606300,1.0
1400000US34007606400,1.0
1400000US34007606500,1.0
1400000US34007606600,1.0
1400000US34007606700,1.0
1400000US34007606800,1.0
1400000US34007607000,1.0
1400000US34007607100,1.0
1400000US34007607200,1.0
1400000US34007607300,1.0
1400000US34007607401,1.0
1400000US34007607402,1.0
1400000US34007607502,1.0
1400000US34007607503,1.0
1400000US34007607504,1.0
1400000US34007607505,1.0
1400000US34007607506,1.0
1400000US34007607507,1.0
1400000US34007607600,1.0
1400000US34007607701,1.0
1400000US34007607702,1.0
1400000US34007607801,1.0
1400000US34007607802,1.0
1400000US34007607900,1.0
1400000US34007608001,1.0
1400000US34007608202,1.0
1400000US34007608205,1.0
1400000US34007608206,1.0
1400000US34007608209,1.0
1400000US34007608210,1.0
1400000US34007608211,1.0
1400000US34007608302,1.0
1400000US34007608303,1.0
1400000US34007608304,1.0
1400000US34007608401,1.0
1400000US34007608402,1.0
1400000US34007608403,1.0
1400000US34007608404,1.0
1400000US34007608503,1.0
1400000US34007608504,1.0
1400000US34007608600,1.0
1400000US34007608700,1.0
1400000US34007608800,1.0
1400000US34007608901,2.0
1400000US34007608903,2.0
1400000US34007608904,2.0
1400000US34007609000,2.0
1400000US34007609103,2.0
1400000US34007609201,1.0
1400000US34007609202,1.0
1400000US34007609204,1.0
1400000US34007609205,2.0
1400000US34007609206,1.0
1400000US34007609207,2.0
1400000US34007610300,1.0
1400000US34007610400,1.0
1400000US34007610500,1.0
1400000US34007610600,1.0
1400000US34007610800,1.0
1400000US34007610900,1.0
1400000US34007611000,1.0
1400000US34007611100,1.0
1400000US34007611200,1.0
1400000US34007611300,1.0
1400000US34007611400,1.0
1400000US34007611500,2.0
1400000US34007611600,1.0
1400000US34007611700,1.0
1400000US34009020101,2.0
1400000US34009020102,2.0
1400000US34009020201,2.0
1400000US34009020203,2.0
1400000US34009020205,2.0
1400000US34009020206,2.0
1400000US34009020301,2.0
1400000US34009020302,2.0
1400000US34009020400,2.0
1400000US34009020500,2.0
1400000US34009020600,2.0
1400000US34009020700,2.0
1400000US34009020800,2.0
1400000US34009020901,2.0
1400000US34009020902,2.0
1400000US34009021001,2.0
1400000US34009021002,2.0
1400000US34009021100,2.0
1400000US34009021300,2.0
1400000US34009021400,2.0
1400000US34009021500,2.0
1400000US34009021600,2.0
1400000US34009021701,2.0
1400000US34009021702,2.0
1400000US34009021803,2.0
1400000US34009021804,2.0
1400000US34009021805,2.0
1400000US34009021806,2.0
1400000US34009021900,2.0
1400000US34009022000,2.0
1400000US34009022101,2.0
1400000US34009022102,2.0
1400000US34009990100,2.0
1400000US34011010101,2.0
1400000US34011010103,2.0
1400000US34011010200,2.0
1400000US34011010301,2.0
1400000US34011010302,2.0
1400000US34011010401,2.0
1400000US34011010402,2.0
1400000US34011010500,2.0
1400000US34011010600,2.0
1400000US34011010701,2.0
1400000US34011010702,2.0
1400000US34011010800,2.0
1400000US34011020100,2.0
1400000US34011020200,2.0
1400000US34011020301,2.0
1400000US34011020302,2.0
1400000US34011020400,2.0
1400000US34011020502,2.0
1400000US34011020503,2.0
1400000US34011020600,2.0
1400000US34011030100,2.0
1400000US34011030200,2.0
1400000US34011030300,2.0
1400000US34011030401,2.0
1400000US34011030402,2.0
1400000US34011030501,2.0
1400000US34011030502,2.0
1400000US34011040300,2.0
1400000US34011040400,2.0
1400000US34011040500,2.0
1400000US34011040601,2.0
1400000US34011040602,2.0
1400000US34011040701,2.0
1400000US34011040702,2.0
1400000US34011040800,2.0
1400000US34011040901,2.0
1400000US34011040902,2.0
1400000US34011041001,2.0
1400000US34011041002,2.0
1400000US34011041101,2.0
1400000US34011041102,2.0
1400000US34011990000,2.0
1400000US34013000100,10.0
1400000US34013000200,10.0
1400000US34013000300,10.0
1400000US34013000400,10.0
1400000US34013000500,10.0
1400000US34013000600,10.0
1400000US34013000700,10.0
1400000US34013000800,10.0
1400000US34013000900,10.0
1400000US34013001000,10.0
1400000US34013001100,10.0
1400000US34013001300,10.0
1400000US34013001400,10.0
1400000US34013001500,10.0
1400000US34013001600,10.0
1400000US34013001700,10.0
1400000US34013001800,10.0
1400000US34013001900,10.0
1400000US34013002000,10.0
1400000US34013002100,10.0
1400000US34013002202,10.0
1400000US34013002203,10.0
1400000US34013002204,10.0
1400000US34013002300,10.0
1400000US34013002400,10.0
1400000US34013002500,10.0
1400000US34013002600,10.0
1400000US34013002800,10.0
1400000US34013003100,10.0
1400000US34013003500,10.0
1400000US34013003700,10.0
1400000US34013003800,10.0
1400000US34013003900,10.0
1400000US34013004100,10.0
1400000US34013004200,10.0
1400000US34013004300,10.0
1400000US34013004400,10.0
1400000US34013004500,10.0
1400000US34013004600,10.0
1400000US34013004700,10.0
1400000US34013004801,10.0
1400000US34013004802,10.0
1400000US34013004900,10.0
1400000US34013005000,10.0
1400000US34013005100,10.0
1400000US34013005200,10.0
1400000US34013005300,10.0
1400000US34013005400,10.0
1400000US34013005700,10.0
1400000US34013006200,10.0
1400000US34013006400,10.0
1400000US34013006600,10.0
1400000US34013006700,10.0
1400000US34013006800,10.0
1400000US34013006900,10.0
1400000US34013007000,10.0
1400000US34013007100,10.0
1400000US34013007200,10.0
1400000US34013007300,10.0
1400000US34013007400,10.0
1400000US34013007501,10.0
1400000US34013007502,10.0
1400000US34013007600,10.0
1400000US34013007700,10.0
1400000US34013007800,10.0
1400000US34013007900,10.0
1400000US34013008000,10.0
1400000US34013008100,10.0
1400000US34013008200,10.0
1400000US34013008700,10.0
1400000US34013008800,10.0
1400000US34013008900,10.0
1400000US34013009000,10.0
1400000US34013009100,10.0
1400000US34013009200,10.0
1400000US34013009300,10.0
1400000US34013009400,10.0
1400000US34013009500,10.0
1400000US34013009600,10.0
1400000US34013009700,10.0
1400000US34013009900,10.0
1400000US34013010000,10.0
1400000US34013010100,10.0
1400000US34013010200,10.0
1400000US34013010300,10.0
1400000US34013010400,10.0
1400000US34013010500,10.0
1400000US34013010600,10.0
1400000US34013010700,10.0
1400000US34013010800,10.0
1400000US34013010900,10.0
1400000US34013011100,10.0
1400000US34013011200,10.0
1400000US34013011300,10.0
1400000US34013011400,10.0
1400000US34013011500,10.0
1400000US34013011600,10.0
1400000US34013011700,10.0
1400000US34013011800,10.0
1400000US34013011900,10.0
1400000US34013012000,10.0
1400000US34013012100,10.0
1400000US34013012200,10.0
1400000US34013012300,10.0
1400000US34013012400,10.0
1400000US34013012500,10.0
1400000US34013012600,10.0
1400000US34013012700,10.0
1400000US34013012800,10.0
1400000US34013012900,10.0
1400000US34013013000,10.0
1400000US34013013100,10.0
1400000US34013013200,10.0
1400000US34013013300,10.0
1400000US34013013400,11.0
1400000US34013013500,11.0
1400000US34013013600,11.0
1400000US34013013700,11.0
1400000US34013013800,11.0
1400000US34013013900,11.0
1400000US34013014000,10.0
1400000US34013014100,10.0
1400000US34013014200,10.0
1400000US34013014300,10.0
1400000US34013014400,10.0
1400000US34013014500,10.0
1400000US34013014600,10.0
1400000US34013014700,10.0
1400000US34013014800,11.0
1400000US34013014900,11.0
1400000US34013015000,11.0
1400000US34013015100,11.0
1400000US34013015200,11.0
1400000US34013015300,11.0
1400000US34013015400,11.0
1400000US34013015500,10.0
1400000US34013015600,10.0
1400000US34013015700,10.0
1400000US34013015800,10.0
1400000US34013015900,10.0
1400000US34013016000,11.0
1400000US34013016100,11.0
1400000US34013016200,11.0
1400000US34013016300,11.0
1400000US34013016400,11.0
1400000US34013016500,11.0
1400000US34013016600,11.0
1400000US34013016700,11.0
1400000US34013016800,11.0
1400000US34013016900,11.0
1400000US34013017000,11.0
1400000US34013017100,11.0
1400000US34013017200,11.0
1400000US34013017301,11.0
1400000US34013017302,11.0
1400000US34013017400,11.0
1400000US34013017500,11.0
1400000US34013017600,11.0
1400000US34013017700,11.0
1400000US34013017800,11.0
1400000US34013017900,11.0
1400000US34013018000,11.0
1400000US34013018100,11.0
1400000US34013018200,11.0
1400000US34013018300,11.0
1400000US34013018400,11.0
1400000US34013018600,11.0
1400000US34013018700,11.0
1400000US34013018800,11.0
1400000US34013018900,11.0
1400000US34013019000,11.0
1400000US34013019100,11.0
1400000US34013019200,11.0
1400000US34013019300,11.0
1400000US34013019400,11.0
1400000US34013019500,11.0
1400000US34013019600,11.0
1400000US34013019700,11.0
1400000US34013019800,11.0
1400000US34013019900,11.0
1400000US34013020000,11.0
1400000US34013020100,11.0
1400000US34013020200,11.0
1400000US34013020300,11.0
1400000US34013020400,11.0
1400000US34013020500,11.0
1400000US34013020600,11.0
1400000US34013020700,11.0
1400000US34013020800,11.0
1400000US34013020901,11.0
1400000US34013020902,11.0
1400000US34013021000,11.0
1400000US34013021100,11.0
1400000US34013021200,11.0
1400000US34013021300,11.0
1400000US34013021400,11.0
1400000US34013021601,11.0
1400000US34013021602,11.0
1400000US34013021701,11.0
1400000US34013021702,11.0
1400000US34013021801,11.0
1400000US34013021802,11.0
1400000US34013021803,11.0
1400000US34013022700,10.0
1400000US34013022800,10.0
1400000US34013022900,10.0
1400000US34013023000,10.0
1400000US34013023100,10.0
1400000US34013023200,10.0
1400000US34013980100,10.0
1400000US34013980200,10.0
1400000US34015500100,1.0
1400000US34015500201,1.0
1400000US34015500202,1.0
1400000US34015500203,1.0
1400000US34015500204,1.0
1400000US34015500205,1.0
1400000US34015500300,1.0
1400000US34015500400,1.0
1400000US34015500500,1.0
1400000US34015500601,1.0
1400000US34015500602,1.0
1400000US34015500702,1.0
1400000US34015500703,1.0
1400000US34015500704,1.0
1400000US34015500705,1.0
1400000US34015500800,1.0
1400000US34015500900,1.0
1400000US34015501001,1.0
1400000US34015501002,1.0
1400000US34015501003,1.0
1400000US34015501101,1.0
1400000US34015501102,1.0
1400000US34015501103,1.0
1400000US34015501104,1.0
1400000US34015501105,1.0
1400000US34015501106,1.0
1400000US34015501107,1.0
1400000US34015501201,1.0
1400000US34015501202,1.0
1400000US34015501203,1.0
1400000US34015501204,1.0
1400000US34015501205,1.0
1400000US34015501206,1.0
1400000US34015501208,1.0
1400000US34015501209,1.0
1400000US34015501210,1.0
1400000US34015501212,1.0
1400000US34015501213,2.0
1400000US34015501301,1.0
1400000US34015501302,1.0
1400000US34015501303,1.0
1400000US34015501402,2.0
1400000US34015501403,2.0
1400000US34015501404,2.0
1400000US34015501405,2.0
1400000US34015501406,2.0
1400000US34015501501,2.0
1400000US34015501502,2.0
1400000US34015501603,2.0
1400000US34015501604,2.0
1400000US34015501605,2.0
1400000US34015501606,2.0
1400000US34015501608,2.0
1400000US34015501609,2.0
1400000US34015501701,2.0
1400000US34015501702,2.0
1400000US34015501703,2.0
1400000US34015501704,2.0
1400000US34015501800,2.0
1400000US34015501900,2.0
1400000US34015502001,2.0
1400000US34015502002,2.0
1400000US34015502100,2.0
1400000US34015502201,2.0
1400000US34015502202,2.0
1400000US34015502203,2.0
1400000US34015502204,2.0
1400000US34015502300,2.0
1400000US34015502400,2.0
1400000US34017000101,8.0
1400000US34017000102,8.0
1400000US34017000200,8.0
1400000US34017000300,8.0
1400000US34017000400,8.0
1400000US34017000500,8.0
1400000US34017000600,8.0
1400000US34017000700,8.0
1400000US34017000800,8.0
1400000US34017000902,8.0
1400000US34017001000,8.0
1400000US34017001100,8.0
1400000US34017001201,8.0
1400000US34017001202,8.0
1400000US34017001300,8.0
1400000US34017001400,8.0
1400000US34017001701,8.0
1400000US34017001800,8.0
1400000US34017001900,8.0
1400000US34017002001,8.0
1400000US34017002002,8.0
1400000US34017002200,8.0
1400000US34017002300,8.0
1400000US34017002400,8.0
1400000US34017002700,8.0
1400000US34017002800,8.0
1400000US34017002900,8.0
1400000US34017003000,8.0
1400000US34017003101,8.0
1400000US34017003102,8.0
1400000US34017003500,8.0
1400000US34017004000,8.0
1400000US34017004102,8.0
1400000US34017004103,8.0
1400000US34017004104,8.0
1400000US34017004200,8.0
1400000US34017004300,8.0
1400000US34017004400,8.0
1400000US34017004500,8.0
1400000US34017004600,8.0
1400000US34017004700,8.0
1400000US34017004800,8.0
1400000US34017004900,8.0
1400000US34017005200,8.0
1400000US34017005300,8.0
1400000US34017005400,8.0
1400000US34017005500,8.0
1400000US34017005600,8.0
1400000US34017005801,8.0
1400000US34017005802,8.0
1400000US34017005901,8.0
1400000US34017005902,8.0
1400000US34017006000,8.0
1400000US34017006101,8.0
1400000US34017006102,8.0
1400000US34017006200,8.0
1400000US34017006300,8.0
1400000US34017006400,8.0
1400000US34017006500,8.0
1400000US34017006600,8.0
1400000US34017006700,8.0
1400000US34017006800,8.0
1400000US34017006900,8.0
1400000US34017007001,8.0
1400000US34017007002,8.0
1400000US34017007100,8.0
1400000US34017007200,8.0
1400000US34017007300,8.0
1400000US34017007400,8.0
1400000US34017007500,8.0
1400000US34017007601,8.0
1400000US34017007602,8.0
1400000US34017007701,8.0
1400000US34017007702,8.0
1400000US34017007703,8.0
1400000US34017007800,8.0
1400000US34017010100,8.0
1400000US34017010200,8.0
1400000US34017010300,8.0
1400000US34017010400,8.0
1400000US34017010500,8.0
1400000US34017010601,8.0
1400000US34017010602,8.0
1400000US34017010701,8.0
1400000US34017010702,8.0
1400000US34017010800,8.0
1400000US34017010900,8.0
1400000US34017011000,8.0
1400000US34017011100,8.0
1400000US34017011200,8.0
1400000US34017011300,8.0
1400000US34017011400,8.0
1400000US34017011500,8.0
1400000US34017011600,8.0
1400000US34017012300,10.0
1400000US34017012400,10.0
1400000US34017012500,10.0
1400000US34017012600,10.0
1400000US34017012700,10.0
1400000US34017012800,10.0
1400000US34017012900,10.0
1400000US34017013000,10.0
1400000US34017013100,10.0
1400000US34017013200,10.0
1400000US34017013300,10.0
1400000US34017013400,10.0
1400000US34017013500,10.0
1400000US34017013600,10.0
1400000US34017013700,10.0
1400000US34017013800,10.0
1400000US34017013900,10.0
1400000US34017014000,8.0
1400000US34017014101,8.0
1400000US34017014102,8.0
1400000US34017014200,8.0
1400000US34017014300,8.0
1400000US34017014401,8.0
1400000US34017014402,8.0
1400000US34017014501,8.0
1400000US34017014502,8.0
1400000US34017014600,8.0
1400000US34017014700,8.0
1400000US34017014801,8.0
1400000US34017014802,8.0
1400000US34017014900,8.0
1400000US34017015001,8.0
1400000US34017015003,8.0
1400000US34017015004,8.0
1400000US34017015100,8.0
1400000US34017015201,8.0
1400000US34017015202,8.0
1400000US34017015300,8.0
1400000US34017015500,8.0
1400000US34017015600,8.0
1400000US34017015700,8.0
1400000US34017015801,8.0
1400000US34017015802,8.0
1400000US34017015900,8.0
1400000US34017016000,8.0
1400000US34017016100,8.0
1400000US34017016200,8.0
1400000US34017016300,8.0
1400000US34017016400,8.0
1400000US34017016500,8.0
1400000US34017016600,8.0
1400000US34017016700,8.0
1400000US34017016800,8.0
1400000US34017016900,8.0
1400000US34017017000,8.0
1400000US34017017100,8.0
1400000US34017017200,8.0
1400000US34017017300,8.0
1400000US34017017400,8.0
1400000US34017017500,8.0
1400000US34017017600,8.0
1400000US34017017700,8.0
1400000US34017017800,8.0
1400000US34017017900,8.0
1400000US34017018000,8.0
1400000US34017018100,8.0
1400000US34017018200,8.0
1400000US34017018301,8.0
1400000US34017018302,8.0
1400000US34017018401,8.0
1400000US34017018402,8.0
1400000US34017018501,8.0
1400000US34017018502,8.0
1400000US34017018600,8.0
1400000US34017018701,8.0
1400000US34017018702,8.0
1400000US34017018800,8.0
1400000US34017018900,8.0
1400000US34017019000,8.0
1400000US34017019100,8.0
1400000US34017019200,8.0
1400000US34017019300,8.0
1400000US34017019400,8.0
1400000US34017019800,8.0
1400000US34017019900,8.0
1400000US34017020000,8.0
1400000US34017020100,8.0
1400000US34017032400,8.0
1400000US34017980100,8.0
1400000US34019010100,7.0
1400000US34019010201,7.0
1400000US34019010202,7.0
1400000US34019010300,7.0
1400000US34019010400,7.0
1400000US34019010500,7.0
1400000US34019010600,7.0
1400000US34019010701,7.0
1400000US34019010702,7.0
1400000US34019010801,7.0
1400000US34019010802,7.0
1400000US34019010900,7.0
1400000US34019011001,7.0
1400000US34019011003,7.0
1400000US34019011004,7.0
1400000US34019011100,7.0
1400000US34019011202,7.0
1400000US34019011203,7.0
1400000US34019011204,7.0
1400000US34019011301,7.0
1400000US34019011303,7.0
1400000US34019011304,7.0
1400000US34019011305,7.0
1400000US34019011306,7.0
1400000US34019011400,7.0
1400000US34019011500,7.0
1400000US34019011600,7.0
1400000US34019011700,7.0
1400000US34019011800,7.0
1400000US34019011900,7.0
1400000US34021000100,3.0
1400000US34021000200,3.0
1400000US34021000300,3.0
1400000US34021000400,3.0
1400000US34021000500,3.0
1400000US34021000600,3.0
1400000US34021000700,3.0
1400000US34021000800,3.0
1400000US34021000900,3.0
1400000US34021001000,3.0
1400000US34021001101,3.0
1400000US34021001102,3.0
1400000US34021001200,3.0
1400000US34021001300,3.0
1400000US34021001401,3.0
1400000US34021001402,3.0
1400000US34021001500,3.0
1400000US34021001600,3.0
1400000US34021001700,3.0
1400000US34021001800,3.0
1400000US34021001900,3.0
1400000US34021002000,3.0
1400000US34021002100,3.0
1400000US34021002200,3.0
1400000US34021002500,3.0
1400000US34021002601,3.0
1400000US34021002602,3.0
1400000US34021002701,3.0
1400000US34021002702,3.0
1400000US34021002800,3.0
1400000US34021002902,3.0
1400000US34021002903,3.0
1400000US34021002904,3.0
1400000US34021003001,3.0
1400000US34021003002,3.0
1400000US34021003003,3.0
1400000US34021003004,3.0
1400000US34021003006,3.0
1400000US34021003007,3.0
1400000US34021003008,3.0
1400000US34021003009,3.0
1400000US34021003100,3.0
1400000US34021003201,3.0
1400000US34021003202,3.0
1400000US34021003301,3.0
1400000US34021003303,3.0
1400000US34021003304,3.0
1400000US34021003400,3.0
1400000US34021003500,3.0
1400000US34021003601,3.0
1400000US34021003602,3.0
1400000US34021003703,3.0
1400000US34021003704,3.0
1400000US34021003706,3.0
1400000US34021003707,3.0
1400000US34021003708,3.0
1400000US34021003800,3.0
1400000US34021003902,3.0
1400000US34021003903,3.0
1400000US34021003904,3.0
1400000US34021003905,3.0
1400000US34021004000,3.0
1400000US34021004203,3.0
1400000US34021004204,3.0
1400000US34021004205,3.0
1400000US34021004206,3.0
1400000US34021004306,3.0
1400000US34021004307,3.0
1400000US34021004309,3.0
1400000US34021004311,3.0
1400000US34021004312,3.0
1400000US34021004313,3.0
1400000US34021004314,3.0
1400000US34021004315,3.0
1400000US34021004316,3.0
1400000US34021004403,3.0
1400000US34021004404,3.0
1400000US34021004406,3.0
1400000US34021004407,3.0
1400000US34021004408,3.0
1400000US34021004409,3.0
1400000US34021004501,3.0
1400000US34021004502,3.0
1400000US34021980000,3.0
1400000US34023000101,6.0
1400000US34023000102,6.0
1400000US34023000200,6.0
1400000US34023000300,6.0
1400000US34023000401,6.0
1400000US34023000403,6.0
1400000US34023000404,6.0
1400000US34023000501,6.0
1400000US34023000503,6.0
1400000US34023000504,6.0
1400000US34023000603,6.0
1400000US34023000608,6.0
1400000US34023000609,6.0
1400000US34023000610,6.0
1400000US34023000701,6.0
1400000US34023000702,6.0
1400000US34023000801,6.0
1400000US34023000802,6.0
1400000US34023000901,6.0
1400000US34023000902,6.0
1400000US34023001001,6.0
1400000US34023001003,6.0
1400000US34023001004,6.0
1400000US34023001100,6.0
1400000US34023001200,6.0
1400000US34023001300,6.0
1400000US34023001409,6.0
1400000US34023001410,6.0
1400000US34023001411,6.0
1400000US34023001412,6.0
1400000US34023001413,6.0
1400000US34023001414,6.0
1400000US34023001415,6.0
1400000US34023001417,6.0
1400000US34023001418,6.0
1400000US34023001419,6.0
1400000US34023001502,6.0
1400000US34023001504,6.0
1400000US34023001505,6.0
1400000US34023001506,6.0
1400000US34023001600,6.0
1400000US34023001701,6.0
1400000US34023001702,6.0
1400000US34023001803,6.0
1400000US34023001804,6.0
1400000US34023001805,6.0
1400000US34023001806,6.0
1400000US34023001901,6.0
1400000US34023001902,6.0
1400000US34023001903,6.0
1400000US34023002000,6.0
1400000US34023002101,6.0
1400000US34023002102,6.0
1400000US34023002200,6.0
1400000US34023002301,6.0
1400000US34023002302,6.0
1400000US34023002401,6.0
1400000US34023002402,6.0
1400000US34023002500,6.0
1400000US34023002603,6.0
1400000US34023002604,6.0
1400000US34023002605,6.0
1400000US34023002701,6.0
1400000US34023002703,6.0
1400000US34023002805,6.0
1400000US34023002901,6.0
1400000US34023002902,6.0
1400000US34023003001,6.0
1400000US34023003002,6.0
1400000US34023003101,6.0
1400000US34023003102,6.0
1400000US34023003201,6.0
1400000US34023003203,6.0
1400000US34023003300,6.0
1400000US34023003401,6.0
1400000US34023003500,6.0
1400000US34023003601,6.0
1400000US34023003700,6.0
1400000US34023003801,6.0
1400000US34023003802,6.0
1400000US34023004000,6.0
1400000US34023004100,6.0
1400000US34023004200,6.0
1400000US34023004300,6.0
1400000US34023004400,6.0
1400000US34023004501,6.0
1400000US34023004502,6.0
1400000US34023004600,6.0
1400000US34023004700,6.0
1400000US34023004800,6.0
1400000US34023004900,6.0
1400000US34023005000,6.0
1400000US34023005100,6.0
1400000US34023005200,6.0
1400000US34023005300,6.0
1400000US34023005500,6.0
1400000US34023005601,6.0
1400000US34023005602,6.0
1400000US34023005700,6.0
1400000US34023005800,6.0
1400000US34023006001,6.0
1400000US34023006002,6.0
1400000US34023006101,12.0
1400000US34023006103,12.0
1400000US34023006104,12.0
1400000US34023006204,12.0
1400000US34023006205,12.0
1400000US34023006206,12.0
1400000US34023006207,12.0
1400000US34023006208,12.0
1400000US34023006209,12.0
1400000US34023006300,12.0
1400000US34023006403,6.0
1400000US34023006500,12.0
1400000US34023006601,12.0
1400000US34023006604,12.0
1400000US34023006605,12.0
1400000US34023006606,12.0
1400000US34023006607,12.0
1400000US34023006608,12.0
1400000US34023006701,12.0
1400000US34023006703,12.0
1400000US34023006800,6.0
1400000US34023006900,6.0
1400000US34023007000,6.0
1400000US34023007101,6.0
1400000US34023007102,6.0
1400000US34023007103,6.0
1400000US34023007202,6.0
1400000US34023007203,6.0
1400000US34023007301,6.0
1400000US34023007303,6.0
1400000US34023007305,6.0
1400000US34023007306,6.0
1400000US34023007402,6.0
1400000US34023007500,6.0
1400000US34023007600,6.0
1400000US34023007702,12.0
1400000US34023007703,12.0
1400000US34023007704,12.0
1400000US34023007801,12.0
1400000US34023007804,12.0
1400000US34023007805,12.0
1400000US34023007806,12.0
1400000US34023007905,6.0
1400000US34023007906,12.0
1400000US34023007907,12.0
1400000US34023007908,6.0
1400000US34023007909,12.0
1400000US34023007910,12.0
1400000US34023007911,12.0
1400000US34023007913,12.0
1400000US34023007914,12.0
1400000US34023008001,6.0
1400000US34023008101,12.0
1400000US34023008102,12.0
1400000US34023008103,12.0
1400000US34023008204,12.0
1400000US34023008205,12.0
1400000US34023008206,12.0
1400000US34023008207,12.0
1400000US34023008209,12.0
1400000US34023008210,12.0
1400000US34023008211,12.0
1400000US34023008212,12.0
1400000US34023008213,12.0
1400000US34023008214,12.0
1400000US34023008300,12.0
1400000US34023008403,7.0
1400000US34023008404,7.0
1400000US34023008405,12.0
1400000US34023008406,12.0
1400000US34023008501,12.0
1400000US34023008502,12.0
1400000US34023008504,12.0
1400000US34023008505,12.0
1400000US34023008506,12.0
1400000US34023008601,12.0
1400000US34023008602,12.0
1400000US34023008604,12.0
1400000US34023008605,12.0
1400000US34023008606,12.0
1400000US34023008700,12.0
1400000US34023008801,6.0
1400000US34023009000,6.0
1400000US34023009101,6.0
1400000US34023009200,6.0
1400000US34023009300,6.0
1400000US34023009400,6.0
1400000US34023980000,6.0
1400000US34023980100,6.0
1400000US34023980200,6.0
1400000US34025800101,12.0
1400000US34025800102,12.0
1400000US34025800200,12.0
1400000US34025800400,12.0
1400000US34025800500,12.0
1400000US34025800601,12.0
1400000US34025800602,12.0
1400000US34025800701,12.0
1400000US34025800702,12.0
1400000US34025800800,12.0
1400000US34025800900,12.0
1400000US34025801000,12.0
1400000US34025801100,12.0
1400000US34025801200,12.0
1400000US34025801300,12.0
1400000US34025801400,12.0
1400000US34025801500,12.0
1400000US34025801600,12.0
1400000US34025801700,12.0
1400000US34025801800,12.0
1400000US34025801900,12.0
1400000US34025802000,12.0
1400000US34025802100,12.0
1400000US34025802200,12.0
1400000US34025802300,12.0
1400000US34025802400,12.0
1400000US34025802500,12.0
1400000US34025802600,12.0
1400000US34025802700,12.0
1400000US34025802800,12.0
1400000US34025802900,12.0
1400000US34025803000,12.0
1400000US34025803100,12.0
1400000US34025803201,12.0
1400000US34025803202,12.0
1400000US34025803300,12.0
1400000US34025803400,12.0
1400000US34025803500,12.0
1400000US34025803601,12.0
1400000US34025803602,12.0
1400000US34025803700,12.0
1400000US34025803800,12.0
1400000US34025803900,12.0
1400000US34025804100,12.0
1400000US34025804200,12.0
1400000US34025804600,12.0
1400000US34025804801,4.0
1400000US34025804802,4.0
1400000US34025805001,12.0
1400000US34025805100,12.0
1400000US34025805300,12.0
1400000US34025805400,12.0
1400000US34025805500,12.0
1400000US34025805600,12.0
1400000US34025805700,12.0
1400000US34025805800,12.0
1400000US34025805900,12.0
1400000US34025806000,12.0
1400000US34025806100,12.0
1400000US34025806201,12.0
1400000US34025806202,12.0
1400000US34025806300,12.0
1400000US34025806400,12.0
1400000US34025806501,4.0
1400000US34025806502,4.0
1400000US34025806503,4.0
1400000US34025806504,4.0
1400000US34025806600,12.0
1400000US34025807004,12.0
1400000US34025807005,12.0
1400000US34025807006,12.0
1400000US34025807100,12.0
1400000US34025807200,12.0
1400000US34025807300,12.0
1400000US34025807401,12.0
1400000US34025807402,12.0
1400000US34025807500,4.0
1400000US34025807600,4.0
1400000US34025807700,4.0
1400000US34025807800,4.0
1400000US34025807900,4.0
1400000US34025808001,4.0
1400000US34025808002,4.0
1400000US34025808100,4.0
1400000US34025808201,12.0
1400000US34025808202,12.0
1400000US34025808300,4.0
1400000US34025808401,4.0
1400000US34025808402,4.0
1400000US34025808501,4.0
1400000US34025808502,4.0
1400000US34025808600,4.0
1400000US34025808701,4.0
1400000US34025808702,4.0
1400000US34025808800,4.0
1400000US34025808901,4.0
1400000US34025808902,4.0
1400000US34025809000,4.0
1400000US34025809100,4.0
1400000US34025809200,4.0
1400000US34025809301,4.0
1400000US34025809302,4.0
1400000US34025809400,4.0
1400000US34025809503,12.0
1400000US34025809504,12.0
1400000US34025809505,12.0
1400000US34025809506,12.0
1400000US34025809600,12.0
1400000US34025809701,12.0
1400000US34025809703,12.0
1400000US34025809704,12.0
1400000US34025809901,12.0
1400000US34025809902,12.0
1400000US34025809903,12.0
1400000US34025810001,12.0
1400000US34025810002,12.0
1400000US34025810003,12.0
1400000US34025810004,12.0
1400000US34025810101,12.0
1400000US34025810102,12.0
1400000US34025810201,12.0
1400000US34025810202,12.0
1400000US34025810300,12.0
1400000US34025810401,12.0
1400000US34025810402,12.0
1400000US34025810501,12.0
1400000US34025810503,12.0
1400000US34025810504,12.0
1400000US34025810505,12.0
1400000US34025810600,3.0
1400000US34025810700,12.0
1400000US34025810800,12.0
1400000US34025810900,12.0
1400000US34025811000,12.0
1400000US34025811101,4.0
1400000US34025811102,4.0
1400000US34025811200,4.0
1400000US34025811301,4.0
1400000US34025811303,4.0
1400000US34025811304,4.0
1400000US34025811401,4.0
1400000US34025811402,4.0
1400000US34025811501,4.0
1400000US34025811502,4.0
1400000US34025811600,4.0
1400000US34025811900,3.0
1400000US34025812000,3.0
1400000US34025812100,12.0
1400000US34025812200,12.0
1400000US34025812300,12.0
1400000US34025812400,12.0
1400000US34025812501,3.0
1400000US34025812502,3.0
1400000US34025812600,12.0
1400000US34025990000,12.0
1400000US34027040101,5.0
1400000US34027040102,5.0
1400000US34027040200,5.0
1400000US34027040301,5.0
1400000US34027040302,5.0
1400000US34027040400,5.0
1400000US34027040500,5.0
1400000US34027040600,5.0
1400000US34027040701,5.0
1400000US34027040702,5.0
1400000US34027040801,5.0
1400000US34027040803,5.0
1400000US34027040804,5.0
1400000US34027040805,5.0
1400000US34027040900,5.0
1400000US34027041000,5.0
1400000US34027041100,5.0
1400000US34027041200,5.0
1400000US34027041300,5.0
1400000US34027041400,5.0
1400000US34027041500,5.0
1400000US34027041602,5.0
1400000US34027041603,5.0
1400000US34027041604,5.0
1400000US34027041605,5.0
1400000US34027041606,5.0
1400000US34027041701,5.0
1400000US34027041702,5.0
1400000US34027041704,5.0
1400000US34027041705,5.0
1400000US34027041706,5.0
1400000US34027041801,5.0
1400000US34027041802,5.0
1400000US34027041803,5.0
1400000US34027041901,5.0
1400000US34027041902,5.0
1400000US34027042000,5.0
1400000US34027042100,5.0
1400000US34027042200,5.0
1400000US34027042301,5.0
1400000US34027042302,5.0
1400000US34027042500,7.0
1400000US34027042601,7.0
1400000US34027042602,7.0
1400000US34027042700,7.0
1400000US34027042800,7.0
1400000US34027042900,7.0
1400000US34027043000,7.0
1400000US34027043100,7.0
1400000US34027043200,7.0
1400000US34027043301,7.0
1400000US34027043302,7.0
1400000US34027043303,7.0
1400000US34027043401,7.0
1400000US34027043402,7.0
1400000US34027043500,7.0
1400000US34027043601,7.0
1400000US34027043602,7.0
1400000US34027043700,7.0
1400000US34027043801,7.0
1400000US34027043802,7.0
1400000US34027043900,7.0
1400000US34027044000,7.0
1400000US34027044101,7.0
1400000US34027044102,7.0
1400000US34027044200,7.0
1400000US34027044300,5.0
1400000US34027044401,5.0
1400000US34027044403,5.0
1400000US34027044404,5.0
1400000US34027044502,7.0
1400000US34027044503,5.0
1400000US34027044504,7.0
1400000US34027044601,5.0
1400000US34027044602,5.0
1400000US34027044701,5.0
1400000US34027044702,5.0
1400000US34027044800,7.0
1400000US34027044900,7.0
1400000US34027045000,7.0
1400000US34027045100,7.0
1400000US34027045200,7.0
1400000US34027045300,7.0
1400000US34027045402,7.0
1400000US34027045403,7.0
1400000US34027045404,5.0
1400000US34027045501,7.0
1400000US34027045503,7.0
1400000US34027045504,7.0
1400000US34027045603,7.0
1400000US34027045701,7.0
1400000US34027045703,7.0
1400000US34027045704,7.0
1400000US34027045804,7.0
1400000US34027045901,7.0
1400000US34027045903,7.0
1400000US34027045904,7.0
1400000US34027046000,7.0
1400000US34027046103,7.0
1400000US34027046104,7.0
1400000US34027046107,7.0
1400000US34027046108,7.0
1400000US34027046109,7.0
1400000US34027046110,7.0
1400000US34027046201,7.0
1400000US34027046202,7.0
1400000US34027046297,7.0
1400000US34027046298,7.0
1400000US34027046400,7.0
1400000US34027046500,7.0
1400000US34029710101,4.0
1400000US34029710102,4.0
1400000US34029711100,4.0
1400000US34029711200,4.0
1400000US34029711300,4.0
1400000US34029711400,4.0
1400000US34029713000,4.0
1400000US34029713100,4.0
1400000US34029713201,4.0
1400000US34029713202,4.0
1400000US34029713203,4.0
1400000US34029713300,4.0
1400000US34029713401,4.0
1400000US34029713402,4.0
1400000US34029713500,4.0
1400000US34029713600,4.0
1400000US34029713700,4.0
1400000US34029713800,4.0
1400000US34029713900,4.0
1400000US34029714000,4.0
1400000US34029714100,4.0
1400000US34029714200,4.0
1400000US34029714300,4.0
1400000US34029715001,4.0
1400000US34029715002,4.0
1400000US34029715201,4.0
1400000US34029715202,4.0
1400000US34029715301,4.0
1400000US34029715303,4.0
1400000US34029715304,4.0
1400000US34029715401,4.0
1400000US34029715403,4.0
1400000US34029715404,4.0
1400000US34029715501,4.0
1400000US34029715502,4.0
1400000US34029715503,4.0
1400000US34029715600,4.0
1400000US34029715701,4.0
1400000US34029715702,4.0
1400000US34029715800,4.0
1400000US34029715901,4.0
1400000US34029715902,4.0
1400000US34029716000,4.0
1400000US34029717001,4.0
1400000US34029717002,4.0
1400000US34029717101,4.0
1400000US34029717102,4.0
1400000US34029717200,3.0
1400000US34029717300,3.0
1400000US34029717400,3.0
1400000US34029717501,4.0
1400000US34029717502,4.0
1400000US34029718000,3.0
1400000US34029720001,4.0
1400000US34029720102,4.0
1400000US34029720104,4.0
1400000US34029720105,4.0
1400000US34029720106,4.0
1400000US34029720107,4.0
1400000US34029720202,4.0
1400000US34029720203,4.0
1400000US34029720204,4.0
1400000US34029720205,4.0
1400000US34029720206,4.0
1400000US34029721000,4.0
1400000US34029722001,4.0
1400000US34029722003,4.0
1400000US34029722004,4.0
1400000US34029722100,4.0
1400000US34029722200,4.0
1400000US34029722300,4.0
1400000US34029722401,4.0
1400000US34029722402,4.0
1400000US34029722500,4.0
1400000US34029722600,4.0
1400000US34029722701,4.0
1400000US34029722702,4.0
1400000US34029722800,4.0
1400000US34029722900,4.0
1400000US34029723000,4.0
1400000US34029723100,4.0
1400000US34029723200,4.0
1400000US34029723300,4.0
1400000US34029723400,4.0
1400000US34029723500,4.0
1400000US34029723600,4.0
1400000US34029724000,4.0
1400000US34029725001,4.0
1400000US34029725002,4.0
1400000US34029725100,4.0
1400000US34029726000,4.0
1400000US34029727001,4.0
1400000US34029727002,4.0
1400000US34029728001,4.0
1400000US34029728002,4.0
1400000US34029728003,4.0
1400000US34029728004,4.0
1400000US34029729000,4.0
1400000US34029730000,4.0
1400000US34029731001,4.0
1400000US34029731002,4.0
1400000US34029731101,4.0
1400000US34029731102,4.0
1400000US34029731103,4.0
1400000US34029731201,4.0
1400000US34029731202,4.0
1400000US34029731203,4.0
1400000US34029731204,4.0
1400000US34029731205,4.0
1400000US34029731206,4.0
1400000US34029732001,4.0
1400000US34029732003,4.0
1400000US34029732004,4.0
1400000US34029732101,4.0
1400000US34029732103,4.0
1400000US34029732104,4.0
1400000US34029733001,4.0
1400000US34029733002,4.0
1400000US34029734002,4.0
1400000US34029734003,4.0
1400000US34029734004,4.0
1400000US34029734005,4.0
1400000US34029735001,4.0
1400000US34029735003,4.0
1400000US34029735004,4.0
1400000US34029735101,4.0
1400000US34029735104,4.0
1400000US34029735105,4.0
1400000US34029735106,4.0
1400000US34029736001,4.0
1400000US34029736002,4.0
1400000US34029736101,4.0
1400000US34029736105,4.0
1400000US34029736106,4.0
1400000US34029736107,4.0
1400000US34029737000,4.0
1400000US34029738001,4.0
1400000US34029738002,4.0
1400000US34029738100,4.0
1400000US34029739000,4.0
1400000US34029739100,4.0
1400000US34029739200,4.0
1400000US34029980000,4.0
1400000US34029980100,4.0
1400000US34029990000,4.0
1400000US34031116500,5.0
1400000US34031124201,9.0
1400000US34031124202,9.0
1400000US34031124311,9.0
1400000US34031124312,9.0
1400000US34031124321,9.0
1400000US34031124322,9.0
1400000US34031124323,9.0
1400000US34031124402,9.0
1400000US34031124403,9.0
1400000US34031124404,9.0
1400000US34031124500,9.0
1400000US34031124601,9.0
1400000US34031124602,9.0
1400000US34031124700,9.0
1400000US34031124800,9.0
1400000US34031124900,9.0
1400000US34031125000,9.0
1400000US34031125100,9.0
1400000US34031133701,11.0
1400000US34031133702,11.0
1400000US34031143201,11.0
1400000US34031143202,11.0
1400000US34031143301,11.0
1400000US34031143302,11.0
1400000US34031143401,11.0
1400000US34031143402,11.0
1400000US34031154003,11.0
1400000US34031154004,11.0
1400000US34031154005,11.0
1400000US34031154006,11.0
1400000US34031163501,11.0
1400000US34031163502,11.0
1400000US34031175200,9.0
1400000US34031175301,9.0
1400000US34031175302,9.0
1400000US34031175401,9.0
1400000US34031175402,9.0
1400000US34031175501,9.0
1400000US34031175502,9.0
1400000US34031175601,9.0
1400000US34031175603,9.0
1400000US34031175604,9.0
1400000US34031175701,9.0
1400000US34031175703,9.0
1400000US34031175704,9.0
1400000US34031175801,9.0
1400000US34031175803,9.0
1400000US34031175804,9.0
1400000US34031175900,9.0
1400000US34031180101,9.0
1400000US34031180102,9.0
1400000US34031180201,9.0
1400000US34031180203,9.0
1400000US34031180204,9.0
1400000US34031180301,9.0
1400000US34031180302,9.0
1400000US34031180600,9.0
1400000US34031180700,9.0
1400000US34031180800,9.0
1400000US34031180900,9.0
1400000US34031181000,9.0
1400000US34031181101,9.0
1400000US34031181102,9.0
1400000US34031181200,9.0
1400000US34031181300,9.0
1400000US34031181400,9.0
1400000US34031181500,9.0
1400000US34031181702,9.0
1400000US34031181800,9.0
1400000US34031181900,9.0
1400000US34031182000,9.0
1400000US34031182100,9.0
1400000US34031182200,9.0
1400000US34031182301,9.0
1400000US34031182302,9.0
1400000US34031182400,9.0
1400000US34031182501,9.0
1400000US34031182502,9.0
1400000US34031182600,9.0
1400000US34031182701,9.0
1400000US34031182702,9.0
1400000US34031182800,9.0
1400000US34031182900,9.0
1400000US34031183001,9.0
1400000US34031183002,9.0
1400000US34031183101,9.0
1400000US34031183102,9.0
1400000US34031183200,9.0
1400000US34031196401,5.0
1400000US34031196403,5.0
1400000US34031196404,5.0
1400000US34031203600,11.0
1400000US34031216701,5.0
1400000US34031216702,5.0
1400000US34031223801,11.0
1400000US34031223802,11.0
1400000US34031223900,11.0
1400000US34031236601,5.0
1400000US34031236603,5.0
1400000US34031236604,5.0
1400000US34031246001,11.0
1400000US34031246002,11.0
1400000US34031246003,11.0
1400000US34031246101,11.0
1400000US34031246102,11.0
1400000US34031246103,11.0
1400000US34031246104,11.0
1400000US34031246201,11.0
1400000US34031246202,11.0
1400000US34031246203,11.0
1400000US34031246300,11.0
1400000US34031256801,5.0
1400000US34031256802,5.0
1400000US34031256803,5.0
1400000US34031256804,5.0
1400000US34031256805,5.0
1400000US34031264101,11.0
1400000US34031264102,11.0
1400000US34031264200,9.0
1400000US34033020100,2.0
1400000US34033020200,2.0
1400000US34033020300,2.0
1400000US34033020400,2.0
1400000US34033020500,2.0
1400000US34033020600,2.0
1400000US34033020700,2.0
1400000US34033020800,2.0
1400000US34033020900,2.0
1400000US34033021000,2.0
1400000US34033021101,2.0
1400000US34033021102,2.0
1400000US34033021201,2.0
1400000US34033021202,2.0
1400000US34033021300,2.0
1400000US34033021400,2.0
1400000US34033021500,2.0
1400000US34033021600,2.0
1400000US34033021700,2.0
1400000US34033021900,2.0
1400000US34033022000,2.0
1400000US34033022100,2.0
1400000US34033022201,2.0
1400000US34033022202,2.0
1400000US34033990000,2.0
1400000US34035050100,7.0
1400000US34035050200,7.0
1400000US34035050300,7.0
1400000US34035050400,7.0
1400000US34035050500,7.0
1400000US34035050600,7.0
1400000US34035050701,7.0
1400000US34035050703,7.0
1400000US34035050704,7.0
1400000US34035050801,7.0
1400000US34035050802,7.0
1400000US34035050901,7.0
1400000US34035050902,7.0
1400000US34035050903,7.0
1400000US34035051000,7.0
1400000US34035051100,7.0
1400000US34035051200,7.0
1400000US34035051300,7.0
1400000US34035051400,7.0
1400000US34035051500,7.0
1400000US34035051600,7.0
1400000US34035051700,6.0
1400000US34035051800,6.0
1400000US34035051900,6.0
1400000US34035052001,6.0
1400000US34035052002,6.0
1400000US34035052100,6.0
1400000US34035052201,7.0
1400000US34035052203,7.0
1400000US34035052204,7.0
1400000US34035052300,6.0
1400000US34035052400,7.0
1400000US34035052603,7.0
1400000US34035052604,7.0
1400000US34035052605,7.0
1400000US34035052701,7.0
1400000US34035052702,7.0
1400000US34035052800,7.0
1400000US34035052901,7.0
1400000US34035052904,7.0
1400000US34035052905,7.0
1400000US34035052906,7.0
1400000US34035053000,7.0
1400000US34035053102,12.0
1400000US34035053103,12.0
1400000US34035053105,12.0
1400000US34035053200,12.0
1400000US34035053300,12.0
1400000US34035053402,7.0
1400000US34035053403,12.0
1400000US34035053405,12.0
1400000US34035053406,12.0
1400000US34035053501,7.0
1400000US34035053602,7.0
1400000US34035053603,7.0
1400000US34035053604,7.0
1400000US34035053703,7.0
1400000US34035053704,7.0
1400000US34035053705,7.0
1400000US34035053706,7.0
1400000US34035053707,7.0
1400000US34035053801,7.0
1400000US34035053804,7.0
1400000US34035053805,7.0
1400000US34035053806,7.0
1400000US34035053807,7.0
1400000US34035053901,7.0
1400000US34035053904,7.0
1400000US34035053905,7.0
1400000US34035054100,7.0
1400000US34035054201,7.0
1400000US34035054202,7.0
1400000US34035054301,7.0
1400000US34035054302,12.0
1400000US34037371000,5.0
1400000US34037371100,5.0
1400000US34037371200,5.0
1400000US34037371300,5.0
1400000US34037371400,5.0
1400000US34037371502,5.0
1400000US34037371503,5.0
1400000US34037371600,5.0
1400000US34037371700,5.0
1400000US34037371801,5.0
1400000US34037371802,5.0
1400000US34037371900,5.0
1400000US34037372000,5.0
1400000US34037372100,5.0
1400000US34037372200,5.0
1400000US34037372300,5.0
1400000US34037372400,5.0
1400000US34037372500,5.0
1400000US34037372600,5.0
1400000US34037372700,5.0
1400000US34037372800,5.0
1400000US34037372900,5.0
1400000US34037373000,5.0
1400000US34037373100,5.0
1400000US34037373200,5.0
1400000US34037373300,5.0
1400000US34037373400,5.0
1400000US34037373500,5.0
1400000US34037373600,5.0
1400000US34037373700,5.0
1400000US34037373800,5.0
1400000US34037373900,5.0
1400000US34037374000,5.0
1400000US34037374100,5.0
1400000US34037374200,5.0
1400000US34037374300,5.0
1400000US34037374400,5.0
1400000US34037374500,5.0
1400000US34037374600,5.0
1400000US34037374700,5.0
1400000US34037374800,5.0
1400000US34037374900,5.0
1400000US34039030200,10.0
1400000US34039030400,10.0
1400000US34039030500,10.0
1400000US34039030600,10.0
1400000US34039030701,10.0
1400000US34039030703,10.0
1400000US34039030704,10.0
1400000US34039030802,10.0
1400000US34039030900,10.0
1400000US34039031000,10.0
1400000US34039031100,10.0
1400000US34039031200,10.0
1400000US34039031301,10.0
1400000US34039031302,10.0
1400000US34039031400,10.0
1400000US34039031500,10.0
1400000US34039031601,10.0
1400000US34039031602,10.0
1400000US34039031700,10.0
1400000US34039031801,10.0
1400000US34039031802,10.0
1400000US34039031903,10.0
1400000US34039031904,10.0
1400000US34039032002,10.0
1400000US34039032003,10.0
1400000US34039032004,10.0
1400000US34039032101,10.0
1400000US34039032102,10.0
1400000US34039032200,11.0
1400000US34039032300,11.0
1400000US34039032401,11.0
1400000US34039032402,11.0
1400000US34039032500,11.0
1400000US34039032600,11.0
1400000US34039032701,11.0
1400000US34039032702,11.0
1400000US34039032800,11.0
1400000US34039032901,11.0
1400000US34039032902,11.0
1400000US34039033000,11.0
1400000US34039033100,11.0
1400000US34039033200,11.0
1400000US34039033300,11.0
1400000US34039033400,11.0
1400000US34039033501,11.0
1400000US34039033502,11.0
1400000US34039033600,11.0
1400000US34039033700,11.0
1400000US34039033800,11.0
1400000US34039033900,11.0
1400000US34039034000,11.0
1400000US34039034100,11.0
1400000US34039034200,11.0
1400000US34039034300,11.0
1400000US34039034400,11.0
1400000US34039034500,11.0
1400000US34039034600,11.0
1400000US34039034700,11.0
1400000US34039034800,11.0
1400000US34039034900,11.0
1400000US34039035000,11.0
1400000US34039035100,11.0
1400000US34039035200,11.0
1400000US34039035300,11.0
1400000US34039035400,11.0
1400000US34039035500,6.0
1400000US34039035600,6.0
1400000US34039035700,6.0
1400000US34039035800,6.0
1400000US34039035900,6.0
1400000US34039036000,6.0
1400000US34039036100,6.0
1400000US34039036200,6.0
1400000US34039036301,6.0
1400000US34039036302,6.0
1400000US34039036400,11.0
1400000US34039036500,11.0
1400000US34039036600,11.0
1400000US34039036700,11.0
1400000US34039036800,11.0
1400000US34039036900,11.0
1400000US34039037000,11.0
1400000US34039037100,11.0
1400000US34039037200,11.0
1400000US34039037300,11.0
1400000US34039037400,11.0
1400000US34039037500,11.0
1400000US34039037601,11.0
1400000US34039037602,11.0
1400000US34039037700,11.0
1400000US34039037800,11.0
1400000US34039037900,11.0
1400000US34039038000,11.0
1400000US34039038101,6.0
1400000US34039038103,6.0
1400000US34039038104,6.0
1400000US34039038201,6.0
1400000US34039038202,6.0
1400000US34039038300,11.0
1400000US34039038400,6.0
1400000US34039038500,6.0
1400000US34039038601,6.0
1400000US34039038602,6.0
1400000US34039038701,6.0
1400000US34039038702,6.0
1400000US34039038800,6.0
1400000US34039038900,6.0
1400000US34039039000,6.0
1400000US34039039100,6.0
1400000US34039039200,6.0
1400000US34039039301,6.0
1400000US34039039302,6.0
1400000US34039039400,6.0
1400000US34039039501,6.0
1400000US34039039502,6.0
1400000US34039039600,6.0
1400000US34039039700,6.0
1400000US34039039801,10.0
1400000US34039039900,10.0
1400000US34039980000,10.0
1400000US34041030600,7.0
1400000US34041030700,7.0
1400000US34041030800,7.0
1400000US34041030900,7.0
1400000US34041031101,7.0
1400000US34041031102,7.0
1400000US34041031200,7.0
1400000US34041031301,7.0
1400000US34041031302,7.0
1400000US34041031401,7.0
1400000US34041031402,7.0
1400000US34041031500,7.0
1400000US34041031601,7.0
1400000US34041031602,7.0
1400000US34041031700,7.0
1400000US34041031800,7.0
1400000US34041031900,7.0
1400000US34041032000,7.0
1400000US34041032101,7.0
1400000US34041032102,7.0
1400000US34041032200,7.0
1400000US34041032300,7.0
1400000US34041032400,7.0
